キャビティ厚み[mm],加熱シリンダ温度[℃],射出速度[mm/s],(1)HA-V05_最高値(℃)_平均値,(1)HA-V05_最高値(℃)_標準偏差上,(1)HA-V05_最高値(℃)_標準偏差下,(1)HA-V05_最高値の時間(s)_平均値,(1)HA-V05_最高値の時間(s)_標準偏差上,(1)HA-V05_最高値の時間(s)_標準偏差下,(1)HA-V05_0.7秒前の値(V)_平均値,(1)HA-V05_0.7秒前の値(V)_標準偏差上,(1)HA-V05_0.7秒前の値(V)_標準偏差下,(1)HA-V05_0.7秒前の時間(s)_平均値,(1)HA-V05_0.7秒前の時間(s)_標準偏差上,(1)HA-V05_0.7秒前の時間(s)_標準偏差下,(1)HA-V05_立ち上がり値(V)_平均値,(1)HA-V05_立ち上がり値(V)_標準偏差上,(1)HA-V05_立ち上がり値(V)_標準偏差下,(1)HA-V05_立ち上がり時間(s)_平均値,(1)HA-V05_立ち上がり時間(s)_標準偏差上,(1)HA-V05_立ち上がり時間(s)_標準偏差下
0.5,190,280,216.0298374,216.0482154017763,216.01145939822368,2.5081900000000004,2.5114122966964576,2.504967703303543,1.3948590046666667,1.3966084946806165,1.3931095146527168,1.8081886666666669,1.8114104775446256,1.8049668557887082,2.000713695,2.0010037854077543,2.0004236045922457,2.478646,2.4811216679906645,2.4761703320093353
0.5,190,320,215.32540196666665,215.5089101480247,215.14189378530858,2.5013053333333333,2.501739164329613,2.5008715023370534,1.3899493656666666,1.391268211552167,1.3886305197811661,1.8013046666666668,1.8017396440607154,1.8008696892726181,2.000179611,2.0003586912569045,2.0000005307430957,2.4707426666666668,2.470856812771871,2.4706285205614624
0.5,210,280,231.35704676666668,231.50263505593256,231.2114584774008,2.505123333333333,2.507046842972855,2.5031998236938113,1.3720412456666669,1.3726837690309115,1.3713987223024222,1.8051226666666667,1.8070467730393327,1.8031985602940006,2.0004250960000003,2.000785949149632,2.0000642428503688,2.4776986666666665,2.479927993321361,2.475469340011972
0.5,210,320,231.6332100666667,231.69728662468484,231.56913350864855,2.497208,2.497860346533677,2.496555653466323,1.3700366160000002,1.3719669494279196,1.3681062825720807,1.7972073333333334,1.7978585393939113,1.7965561272727555,2.0003431926666666,2.0006330545192728,2.0000533308140604,2.4691953333333334,2.469309075732347,2.46908159093432
0.5,230,280,246.54717796666668,246.69471589566308,246.39964003767028,2.5036020000000003,2.5041551328954244,2.5030488671045763,1.611331499,1.6119538151152075,1.6107091828847926,1.8036013333333332,1.804153320048149,1.8030493466185173,2.000921835,2.0010646457670207,2.0007790242329797,2.4751893333333332,2.4753573968134033,2.475021269853263
0.5,230,320,246.4963240666667,246.557933573817,246.43471455951638,2.4971479999999997,2.4992380717691023,2.495057928230897,1.613233683,1.6149772058318783,1.6114901601681217,1.7971473333333332,1.7992384099300494,1.795056256736617,2.000472026,2.0008178729785513,2.000126179021449,2.4697286666666667,2.471995357941043,2.46746197539229
1.0,190,280,214.3169503,214.37559062605206,214.25830997394795,2.501412,2.50317077116192,2.4996532288380804,1.500581822,1.5045044215267467,1.4966592224732533,1.8014113333333333,1.8031689502806039,1.7996537163860626,2.000386165,2.0005220250956097,2.0002503049043905,2.4749546666666666,2.4772220857574685,2.4726872475758648
1.0,190,320,214.6339696,214.68867936009462,214.57925983990538,2.492436,2.49262073765182,2.49225126234818,1.5072419289999999,1.5108483980126821,1.5036354599873176,1.7924353333333334,1.7926189670266832,1.7922516996399835,2.000480429,2.0007429794777982,2.000217878522202,2.466148,2.4663103699479585,2.4659856300520415
1.0,210,280,230.2264971,230.31655463443542,230.13643956556456,2.5016506666666665,2.503801797841963,2.49949953549137,1.460405682,1.4624460736734464,1.4583652903265536,1.8016506666666665,1.8038017978419634,1.7994995354913697,2.000981731,2.001214804176979,2.000748657823021,2.4745673333333333,2.4770840751423657,2.472050591524301
1.0,210,320,230.44552853333334,230.50372403992495,230.38733302674174,2.4918806666666664,2.4923317291161493,2.4914296042171835,1.4772614656666665,1.4802431151260969,1.4742798162072361,1.7918806666666667,1.7923317291161494,1.791429604217184,2.00037442,2.0007602562238946,1.9999885837761056,2.4658526666666667,2.4659071215409516,2.465798211792382
1.0,230,280,247.3490393,247.44871253750756,247.2493660624924,2.499470666666667,2.5015370851463885,2.497404248186945,1.5056917779999999,1.508919982552534,1.5024635734474658,1.7994706666666669,1.801537085146388,1.7974042481869457,2.0010445506666668,2.0012089096168504,2.000880191716483,2.474213333333333,2.4764096851570017,2.4720169815096646
1.0,230,320,247.72145020000002,247.75620462833558,247.68669577166446,2.490235333333333,2.4907792977929564,2.48969136887371,1.518418119,1.5211657084464898,1.51567052955351,1.7902353333333334,1.7907792977929566,1.7896913688737102,2.00072907,2.001380412974391,2.0000777270256096,2.4655133333333334,2.4656857668954184,2.4653408997712485
1.5,190,5,182.14070573333333,182.20322969860348,182.0781817680632,5.95806,5.969450986568335,5.946669013431665,1.4706328646666667,1.4715586272143701,1.4697071021189632,5.25806,5.269450986568336,5.2466690134316645,2.0000103379999996,2.0000198841003027,2.0000007918996965,5.910068333333332,5.92175614464826,5.898380522018405
1.5,190,280,209.7690802666667,209.78321704836068,209.7549434849727,2.516439333333333,2.5191869652834553,2.5136917013832107,1.402414488,1.4032420439111792,1.4015869320888208,1.8164393333333333,1.8191869652834558,1.8136917013832108,2.0004923743333336,2.0009026908892773,2.00008205777739,2.4825433333333335,2.4850485010589227,2.4800381656077444
1.5,190,320,210.18241790000002,210.26414222479434,210.1006935752057,2.5054646666666667,2.506083673397917,2.5048456599354165,1.4079114923333333,1.4098059022328868,1.4060170824337799,1.8054626666666664,1.8060816733979168,1.804843659935416,2.000719466666667,2.000866690473442,2.0005722428598918,2.472453333333333,2.4725263356164024,2.472380331050264
1.5,210,5,199.82848566666667,199.8604163821064,199.79655495122694,5.942378333333333,5.945737281581421,5.9390193850852455,1.50949755,1.5123299191615474,1.5066651808384528,5.242378333333334,5.245737281581421,5.239019385085246,2.000017929333333,2.000026154956369,2.000009703710297,5.86446,5.867957488384541,5.860962511615459
1.5,210,280,226.3212261,226.35781394958533,226.28463825041464,2.510586,2.510872544935394,2.510299455064606,1.5279137433333334,1.5330023735076843,1.5228251131589825,1.8105853333333333,1.8108708107113045,1.810299855955362,2.0008297670000004,2.000992861798826,2.0006666722011746,2.4803479999999998,2.4803571651513896,2.48033883484861
1.5,210,320,226.8060537,226.83256022172333,226.7795471782767,2.503038666666667,2.5056954755294445,2.500381857803889,1.5270021089999999,1.5279146172567581,1.5260896007432416,1.803038,1.805693663382283,1.8003823366177167,2.0006926826666667,2.0010078708373906,2.0003774944959427,2.4730526666666663,2.4752615635255832,2.4708437698077494
1.5,230,5,218.43749286666664,218.48238704591265,218.39259868742064,5.910299999999999,5.918347451459933,5.902252548540066,1.5661626903333332,1.568889805439152,1.5634355752275144,5.2103,5.218347451459935,5.2022525485400655,2.0000129416666668,2.0000182860485145,2.000007597284819,5.783148333333333,5.79061745699902,5.775679209667646
1.5,230,280,244.7744804,244.80644341147325,244.74251738852672,2.507902666666667,2.510001697236557,2.505803636096777,1.5525418813333332,1.5532853246174552,1.5517984380492111,1.8079020000000001,1.8100015894836852,1.805802410516315,2.0004079396666667,2.0008610357189838,1.9999548436143497,2.480938666666667,2.4833374599744222,2.4785398733589115
1.5,230,320,245.29685200000003,245.33297273876255,245.2607312612375,2.4978719999999996,2.498230569379618,2.4975134306203812,1.5406090590000001,1.5416662350324286,1.5395518829675716,1.797872,1.7982305693796183,1.7975134306203815,2.0009226593333334,2.0011438792304816,2.000701439436185,2.470988,2.4711115961164443,2.470864403883556
2.0,190,3,174.9277344666667,174.94164013724574,174.91382879608764,8.986131666666667,8.991011670081965,8.981251663251369,1.7639781133333334,1.764345156733705,1.763611069932962,8.286131666666668,8.291011670081968,8.281251663251368,2.0000042613333333,2.0000068402098976,2.000001682456769,8.779328333333334,8.783798613898728,8.77485805276794
2.0,190,5,188.66212693333333,188.76350920757514,188.5607446590915,6.256716666666667,6.2671053820989675,6.246327951234366,1.7279035166666665,1.7306667943430765,1.7251402389902566,5.5567166666666665,5.567105382098967,5.546327951234366,2.000004784,2.000007708706652,2.000001859293348,6.095773333333334,6.106127801370531,6.085418865296137
2.0,190,280,205.3842501,205.49076488583165,205.27773531416835,2.523947666666667,2.524487238101542,2.5234080952317917,1.6563708033333333,1.6585802375477703,1.6541613691188963,1.8239473333333336,1.824486690666957,1.8234079759997102,2.000135626,2.0002324058471377,2.0000388461528624,2.4862466666666667,2.4863659408605785,2.486127392472755
2.0,190,320,206.02832936666667,206.06240973694347,205.99424899638987,2.5133033333333334,2.514110442578314,2.512496224088353,1.6585291729999998,1.6604686375311908,1.6565897084688088,1.813303,1.8141101189503415,1.8124958810496588,2.000107195,2.0001889506723596,2.0000254393276404,2.476805666666667,2.4769335507287438,2.47667778260459
2.0,210,3,192.2920429333333,192.42975263767127,192.15433322899534,8.895016666666667,8.9310974126863,8.858935920647033,1.7464394596666668,1.7511691378267753,1.7417097815065583,8.195016666666668,8.231097412686301,8.158935920647034,2.000003677,2.0000050536746166,2.0000023003253835,8.63635,8.670391382536552,8.602308617463448
2.0,210,5,208.3372636,208.39139262755427,208.28313457244573,6.21168,6.230123830946959,6.1932361690530415,1.7591277996666665,1.761236682167634,1.7570189171656991,5.511680000000001,5.53012383094696,5.493236169053042,2.0000042253333334,2.000004804836857,2.00000364582981,5.990766666666667,6.00893627407391,5.9725970592594235
2.0,210,280,223.36273296666664,223.39456613706176,223.33089979627152,2.5161873333333333,2.516865036316456,2.5155096303502105,1.7093552260000002,1.7108174761527946,1.707892975847206,1.8161873333333334,1.816865036316456,1.8155096303502107,2.000089681,2.000100141780659,2.000079220219341,2.4846266666666668,2.484763875752858,2.4844894575804757
2.0,210,320,223.9749347333333,224.12506159224617,223.82480787442043,2.50624,2.5066650094116607,2.5058149905883393,1.7010867843333333,1.7068618573936538,1.6953117112730127,1.8062396666666667,1.8066641031558301,1.8058152301775032,2.000106564,2.0001648269890326,2.0000483010109678,2.475107,2.4753415271839256,2.4748724728160743
2.0,230,3,209.0551571,209.22120270108323,208.88911149891678,8.89438,8.930660293548979,8.858099706451021,1.5821045443333333,1.5882285148222695,1.575980573844397,8.19438,8.23066029354898,8.158099706451022,2.0000051063333335,2.000008421754473,2.000001790912194,8.606998333333333,8.642227625241253,8.571769041425414
2.0,230,5,227.2949859,227.31969056749506,227.27028123250494,6.218376666666667,6.2404342103498,6.1963191229835335,1.539059079,1.5410413874214934,1.5370767705785067,5.518375,5.5404297256840795,5.49632027431592,2.0000057276666667,2.0000081467624344,2.000003308570899,5.967086666666667,5.9889857946934475,5.945187538639886
2.0,230,280,242.4034838,242.43890263303118,242.36806496696883,2.510282,2.513308991080265,2.5072550089197354,1.5453246360000001,1.5499333230936088,1.5407159489063915,1.810282,1.8133089910802644,1.8072550089197355,2.000137258,2.00021710389027,2.0000574121097303,2.482931666666667,2.485397840694049,2.480465492639285
2.0,230,320,242.9740522,243.0042009999887,242.94390340001127,2.5018196666666666,2.5021395953045427,2.5014997380287904,1.5659349833333334,1.5679480883570143,1.5639218783096525,1.8018196666666668,1.802139595304543,1.8014997380287907,2.0001524629999996,2.0002541710811976,2.0000507549188016,2.474705333333333,2.474788256993005,2.4746224096736613
