元ファイル,キャビティ厚み[mm],加熱シリンダ温度[℃],射出速度[mm/s],(1)HA-V05_最高値(℃),(1)HA-V05_最高値の時間(s),(1)HA-V05_0.7秒前の値(V),(1)HA-V05_0.7秒前の時間(s),(1)HA-V05_立ち上がり値(V),(1)HA-V05_立ち上がり時間(s)
071_190℃_280_0.5mm.csv,0.5,190,280,216.0113941,2.50605,1.393899211,1.806048,2.00073723,2.477164
072_190℃_280_0.5mm.csv,0.5,190,280,216.0299687,2.511896,1.396878321,1.811894,2.000412554,2.481504
073_190℃_280_0.5mm.csv,0.5,190,280,216.0481494,2.506624,1.393799482,1.806624,2.000991301,2.47727
081_190℃_320_0.5mm.csv,0.5,190,320,215.1301708,2.501606,1.389978167,1.801606,2.000152658,2.47086
082_190℃_320_0.5mm.csv,0.5,190,320,215.3516814,2.500808,1.388616355,1.800806,2.00037064,2.470736
083_190℃_320_0.5mm.csv,0.5,190,320,215.4943537,2.501502,1.391253575,1.801502,2.000015535,2.470632
071_210℃_280_0.5mm.csv,0.5,210,280,231.214248,2.503976,1.372476038,1.803974,2.000604969,2.47647
072_210℃_280_0.5mm.csv,0.5,210,280,231.3516195,2.507344,1.371303222,1.807344,2.000009661,2.480272
073_210℃_280_0.5mm.csv,0.5,210,280,231.5052728,2.50405,1.372344477,1.80405,2.000660658,2.476354
081_210℃_320_0.5mm.csv,0.5,210,320,231.696168,2.496734,1.36850413,1.796734,2.000466092,2.469224
082_210℃_320_0.5mm.csv,0.5,210,320,231.5680706,2.497952,1.369401145,1.79795,2.000551357,2.469292
083_210℃_320_0.5mm.csv,0.5,210,320,231.6353916,2.496938,1.372204573,1.796938,2.000012129,2.46907
071_230℃_280_0.5mm.csv,0.5,230,280,246.3769642,2.503352,1.611294485,1.803352,2.001023954,2.47536
072_230℃_280_0.5mm.csv,0.5,230,280,246.6384408,2.503218,1.611971496,1.803218,2.000982908,2.475184
073_230℃_280_0.5mm.csv,0.5,230,280,246.6261289,2.504236,1.610728516,1.804234,2.000758643,2.475024
081_230℃_320_0.5mm.csv,0.5,230,320,246.4714461,2.499228,1.614890019,1.799228,2.000082309,2.472346
082_230℃_320_0.5mm.csv,0.5,230,320,246.4510435,2.497168,1.611414412,1.797168,2.000591382,2.468412
083_230℃_320_0.5mm.csv,0.5,230,320,246.5664826,2.495048,1.613396618,1.795046,2.000742387,2.468428
081_190℃_280_1.0mm.csv,1.0,190,280,214.3811356,2.500448,1.496054513,1.800448,2.000506962,2.473704
082_190℃_280_1.0mm.csv,1.0,190,280,214.2661795,2.503442,1.502965443,1.80344,2.00041245,2.477572
083_190℃_280_1.0mm.csv,1.0,190,280,214.3035358,2.500346,1.50272551,1.800346,2.000239083,2.473588
091_190℃_320_1.0mm.csv,1.0,190,320,214.6970475,2.49228,1.503318719,1.79228,2.000213061,2.46597
092_190℃_320_1.0mm.csv,1.0,190,320,214.5994237,2.492388,1.507994015,1.792388,2.000737881,2.466186
093_190℃_320_1.0mm.csv,1.0,190,320,214.6054376,2.49264,1.510413053,1.792638,2.000490345,2.466288
081_210℃_280_1.0mm.csv,1.0,210,280,230.3050854,2.500312,1.458382654,1.800312,2.00072975,2.472994
082_210℃_280_1.0mm.csv,1.0,210,280,230.2461798,2.500508,1.460371387,1.800508,2.001025854,2.473238
083_210℃_280_1.0mm.csv,1.0,210,280,230.1282261,2.504132,1.462463005,1.804132,2.001189589,2.47747
091_210℃_320_1.0mm.csv,1.0,210,320,230.3869194,2.491364,1.475473613,1.791364,2.000207905,2.465914
092_210℃_320_1.0mm.csv,1.0,210,320,230.4463648,2.492196,1.475607271,1.792196,2.000099803,2.465834
093_210℃_320_1.0mm.csv,1.0,210,320,230.5033014,2.492082,1.480703513,1.792082,2.000815552,2.46581
081_230℃_280_1.0mm.csv,1.0,230,280,247.3698563,2.501836,1.502517098,1.801836,2.001009386,2.476736
082_230℃_280_1.0mm.csv,1.0,230,280,247.2406015,2.49856,1.505587267,1.79856,2.00090062,2.473178
083_230℃_280_1.0mm.csv,1.0,230,280,247.4366601,2.498016,1.508970969,1.798016,2.001223646,2.472726
091_230℃_320_1.0mm.csv,1.0,230,320,247.7552545,2.489654,1.519740188,1.789654,2.000335698,2.46536
092_230℃_320_1.0mm.csv,1.0,230,320,247.7232783,2.49032,1.515259416,1.79032,2.001480906,2.46548
093_230℃_320_1.0mm.csv,1.0,230,320,247.6858178,2.490732,1.520254753,1.790732,2.000370606,2.4657
011_190℃_005_1.5mm.csv,1.5,190,5,182.068538,5.970495,1.47087477,5.270495,2.000019649,5.922835
012_190℃_005_1.5mm.csv,1.5,190,5,182.1785531,5.955555,1.469610165,5.255555,2.000000573,5.907475
013_190℃_005_1.5mm.csv,1.5,190,5,182.1750261,5.94813,1.471413659,5.24813,2.000010792,5.899895
101_190℃_280_1.5mm.csv,1.5,190,280,209.7809835,2.51462,1.40146454,1.81462,2.000511983,2.481082
102_190℃_280_1.5mm.csv,1.5,190,280,209.7728025,2.515098,1.402979172,1.815098,2.000892535,2.481112
103_190℃_280_1.5mm.csv,1.5,190,280,209.7534548,2.5196,1.402799752,1.8196,2.000072605,2.485436
111_190℃_320_1.5mm.csv,1.5,190,320,210.2600706,2.505564,1.408799768,1.805562,2.000554958,2.47238
112_190℃_320_1.5mm.csv,1.5,190,320,210.0971544,2.506028,1.405736166,1.806026,2.000764606,2.472526
113_190℃_320_1.5mm.csv,1.5,190,320,210.1900287,2.504802,1.409198543,1.8048,2.000838836,2.472454
011_210℃_005_1.5mm.csv,1.5,210,5,199.840636,5.945205,1.5063215,5.245205,2.000027135,5.867515
012_210℃_005_1.5mm.csv,1.5,210,5,199.8525576,5.943265,1.510409672,5.243265,2.000011301,5.86522
013_210℃_005_1.5mm.csv,1.5,210,5,199.7922634,5.938665,1.511761478,5.238665,2.000015352,5.860645
101_210℃_280_1.5mm.csv,1.5,210,280,226.2971637,2.510542,1.522735939,1.810542,2.001004437,2.480358
102_210℃_280_1.5mm.csv,1.5,210,280,226.3633309,2.510892,1.528097045,1.81089,2.000681459,2.480346
103_210℃_280_1.5mm.csv,1.5,210,280,226.3031837,2.510324,1.532908246,1.810324,2.000803405,2.48034
111_210℃_320_1.5mm.csv,1.5,210,320,226.8222008,2.506082,1.526551067,1.80608,2.000776762,2.475602
112_210℃_320_1.5mm.csv,1.5,210,320,226.7754624,2.501852,1.526402953,1.801852,2.000343981,2.471848
113_210℃_320_1.5mm.csv,1.5,210,320,226.8204979,2.501182,1.528052307,1.801182,2.000957305,2.471708
011_230℃_005_1.5mm.csv,1.5,230,5,218.39435,5.901035,1.564951863,5.201035,2.000012253,5.77455
012_230℃_005_1.5mm.csv,1.5,230,5,218.4341744,5.914315,1.564250649,5.214315,2.000007975,5.786865
013_230℃_005_1.5mm.csv,1.5,230,5,218.4839542,5.91555,1.569285559,5.21555,2.000018597,5.78803
101_230℃_280_1.5mm.csv,1.5,230,280,244.8111042,2.50673,1.552066797,1.806728,2.000928839,2.479452
102_230℃_280_1.5mm.csv,1.5,230,280,244.7601254,2.506652,1.552160207,1.806652,2.000189845,2.479658
103_230℃_280_1.5mm.csv,1.5,230,280,244.7522116,2.510326,1.55339864,1.810326,2.000105135,2.483706
111_230℃_320_1.5mm.csv,1.5,230,320,245.313147,2.498286,1.539452399,1.798286,2.001105897,2.470872
112_230℃_320_1.5mm.csv,1.5,230,320,245.3219545,2.49767,1.54152536,1.79767,2.00067691,2.470974
113_230℃_320_1.5mm.csv,1.5,230,320,245.2554545,2.49766,1.540849418,1.79766,2.000985171,2.471118
001_190℃_003_2.0mm.csv,2.0,190,3,174.9197666,8.991405,1.764401738,8.291405,2.000007183,8.784485
002_190℃_003_2.0mm.csv,2.0,190,3,174.9437912,8.981775,1.763755011,8.281775,2.000002302,8.77655
003_190℃_003_2.0mm.csv,2.0,190,3,174.9196456,8.985215,1.763777591,8.285215,2.000003299,8.77695
011_190℃_005_2.0mm.csv,2.0,190,5,188.5451866,6.26836,1.728488389,5.56836,2.000007417,6.107425
012_190℃_005_2.0mm.csv,2.0,190,5,188.7158977,6.253395,1.724894622,5.553395,2.000001636,6.09227
013_190℃_005_2.0mm.csv,2.0,190,5,188.7252965,6.248395,1.730327539,5.548395,2.000005299,6.087625
101_190℃_280_2.0mm.csv,2.0,190,280,205.2725697,2.524333,1.654160344,1.824333,2.000244928,2.486231
102_190℃_280_2.0mm.csv,2.0,190,280,205.4847111,2.523331,1.656372855,1.823331,2.000101128,2.486136
103_190℃_280_2.0mm.csv,2.0,190,280,205.3954695,2.524179,1.658579211,1.824178,2.000060822,2.486373
111_190℃_320_2.0mm.csv,2.0,190,320,206.0668229,2.512504,1.660146597,1.812504,2.000012792,2.47688
112_190℃_320_2.0mm.csv,2.0,190,320,206.0161648,2.514118,1.659061907,1.814118,2.000154184,2.476658
113_190℃_320_2.0mm.csv,2.0,190,320,206.0020004,2.513288,1.656379015,1.813287,2.000154609,2.476879
001_210℃_003_2.0mm.csv,2.0,210,3,192.1332852,8.86848,1.742233259,8.16848,2.000005189,8.611425
002_210℃_003_2.0mm.csv,2.0,210,3,192.3792288,8.88047,1.745525813,8.18047,2.000002496,8.62249
003_210℃_003_2.0mm.csv,2.0,210,3,192.3636148,8.9361,1.751559307,8.2361,2.000003346,8.675135
011_210℃_005_2.0mm.csv,2.0,210,5,208.3089429,6.21911,1.756846117,5.51911,2.000003803,6.00038
012_210℃_005_2.0mm.csv,2.0,210,5,208.3031704,6.19068,1.759531872,5.49068,2.000004886,5.96981
013_210℃_005_2.0mm.csv,2.0,210,5,208.3996775,6.22525,1.76100541,5.52525,2.000003987,6.00211
101_210℃_280_2.0mm.csv,2.0,210,280,223.3954196,2.516448,1.70790734,1.816448,2.000092007,2.484692
102_210℃_280_2.0mm.csv,2.0,210,280,223.3318281,2.515418,1.709326909,1.815418,2.000078253,2.484469
103_210℃_280_2.0mm.csv,2.0,210,280,223.3609512,2.516696,1.710831429,1.816696,2.000098783,2.484719
111_210℃_320_2.0mm.csv,2.0,210,320,223.8101619,2.506049,1.694564764,1.806049,2.000173494,2.475168
112_210℃_320_2.0mm.csv,2.0,210,320,224.0106788,2.505944,1.703144089,1.805944,2.000079003,2.475305
113_210℃_320_2.0mm.csv,2.0,210,320,224.1039635,2.506727,1.7055515,1.806726,2.000067195,2.474848
001_230℃_003_2.0mm.csv,2.0,230,3,208.8728503,8.90085,1.575333277,8.20085,2.000004233,8.616475
002_230℃_003_2.0mm.csv,2.0,230,3,209.0948876,8.8553,1.583725109,8.1553,2.000002315,8.568
003_230℃_003_2.0mm.csv,2.0,230,3,209.1977334,8.92699,1.587255247,8.22699,2.000008771,8.63652
011_230℃_005_2.0mm.csv,2.0,230,5,227.2673697,6.24324,1.539742497,5.543235,2.000007676,5.991745
012_230℃_005_2.0mm.csv,2.0,230,5,227.3149851,6.21073,1.536825479,5.51073,2.00000302,5.95961
013_230℃_005_2.0mm.csv,2.0,230,5,227.3026029,6.20116,1.540609261,5.50116,2.000006487,5.949905
101_230℃_280_2.0mm.csv,2.0,230,280,242.4443481,2.506817,1.540698212,1.806817,2.000045237,2.480084
102_230℃_280_2.0mm.csv,2.0,230,280,242.3844923,2.512412,1.545360317,1.812412,2.000178322,2.484345
103_230℃_280_2.0mm.csv,2.0,230,280,242.381611,2.511617,1.549915379,1.811617,2.000188215,2.484366
111_230℃_320_2.0mm.csv,2.0,230,320,242.9999036,2.501957,1.564555344,1.801957,2.000201428,2.474783
112_230℃_320_2.0mm.csv,2.0,230,320,242.9813188,2.502048,1.565004606,1.802048,2.000035534,2.474618
113_230℃_320_2.0mm.csv,2.0,230,320,242.9409342,2.501454,1.568245,1.801454,2.000220427,2.474715
