元ファイル,キャビティ厚み[mm],加熱シリンダ温度[℃],射出速度[mm/s],(1)HA-V05_最高値(V),(1)HA-V05_最高値の時間(s),(1)HA-V05_0.7秒前の値(V),(1)HA-V05_0.7秒前の時間(s),(1)HA-V05_立ち上がり値(V),(1)HA-V05_立ち上がり時間(s),最高値換算結果(℃)
001_190℃_280_0.5mm.csv,0.5,190,280,4.382327501998544,2.011715,1.333871114903466,1.3117150000000002,2.0017252803175425,1.982395,216.4451053958739
002_190℃_280_0.5mm.csv,0.5,190,280,4.419390126804065,2.009185,1.3361613279194469,1.309185,2.000006701097128,1.980995,217.97943619585732
003_190℃_280_0.5mm.csv,0.5,190,280,4.4169765036287725,2.00848,1.3323730228536528,1.30848,2.0000427596233057,1.98046,217.88625364972728
004_190℃_320_0.5mm.csv,0.5,190,320,4.401855056333527,2.0051750000000004,1.331158902659638,1.3051750000000002,2.000373152541869,1.9744850000000005,217.26026230680856
005_190℃_320_0.5mm.csv,0.5,190,320,4.393869824169014,2.0013750000000003,1.332082798168677,1.3013750000000002,2.000675944824577,1.974205,216.92710212589606
006_190℃_320_0.5mm.csv,0.5,190,320,4.420527196605107,1.998915,1.3338332525144252,1.298915,2.001671880951175,1.97326,218.03117369006821
001_210℃_280_0.5mm.csv,0.5,210,280,4.775355938044011,2.004585,1.3410412663009847,1.304585,2.0008374353014373,1.978285,233.0937075962059
002_210℃_280_0.5mm.csv,0.5,210,280,4.796312303896244,2.00807,1.343260797043019,1.30807,2.0015360239262283,1.981495,234.0016759878676
003_210℃_280_0.5mm.csv,0.5,210,280,4.793853146974726,2.003935,1.3438426790055762,1.303935,2.001304034953045,1.97802,233.8938341625447
004_210℃_320_0.5mm.csv,0.5,210,320,4.776297662280779,1.995065,1.3439576883602251,1.295065,2.002761527687994,1.97103,233.1305086454883
005_210℃_320_0.5mm.csv,0.5,210,320,4.781928023787789,1.99565,1.341705857969245,1.2956500000000002,2.002906911207862,1.97091,233.37822448032676
006_210℃_320_0.5mm.csv,0.5,210,320,4.80501346511263,1.99334,1.3430445647337006,1.2933400000000002,2.002680120398853,1.970005,234.3809720534877
001_230℃_280_0.5mm.csv,0.5,230,280,5.106698958911544,2.00545,1.341914952531899,1.30545,2.001100956574718,1.977855,247.795537800239
002_230℃_280_0.5mm.csv,0.5,230,280,5.121645424428417,2.004925,1.340061933106743,1.304925,2.0045149012454666,1.977325,248.47639382356613
003_230℃_280_0.5mm.csv,0.5,230,280,5.114766763957329,2.00603,1.3454597060606297,1.30603,2.00034392485578,1.97763,248.15812894910903
004_230℃_320_0.5mm.csv,0.5,230,320,5.098199246372553,1.9987,1.3407034844437875,1.2987000000000002,2.0009851025400085,1.970935,247.41135600510086
005_230℃_320_0.5mm.csv,0.5,230,320,5.112169586432094,1.997505,1.3384413412834706,1.297505,2.002881190282543,1.970645,248.0475025229024
006_230℃_320_0.5mm.csv,0.5,230,320,5.1101285973603225,1.99694,1.3378255723783978,1.2969400000000002,2.0027306059073324,1.9707900000000005,247.95548040345705
001_190℃_280_1.0mm.csv,1.0,190,280,4.265494674001682,2.0013650000000003,1.3532061448288348,1.301365,2.0001168733364496,1.97463,211.59182373519826
002_190℃_280_1.0mm.csv,1.0,190,280,4.280525750292503,2.0047300000000003,1.3547195486226584,1.3047300000000002,2.00058481580861,1.97824,212.20469951997967
003_190℃_280_1.0mm.csv,1.0,190,280,4.281436785055157,2.001205,1.3566377720427496,1.3012050000000002,2.0000541786304296,1.97421,212.23785953237865
004_190℃_320_1.0mm.csv,1.0,190,320,4.287430389993741,1.991845,1.3478121045022111,1.291845,2.0018862965444573,1.966505,212.5031410955674
005_190℃_320_1.0mm.csv,1.0,190,320,4.295219938883939,1.991895,1.3557883154734045,1.291895,2.00055930611549,1.966525,212.80572408777329
006_190℃_320_1.0mm.csv,1.0,190,320,4.294634662539706,1.9929550000000005,1.3593566132706945,1.292955,2.0001513217140525,1.96667,212.77389913468238
001_210℃_280_1.0mm.csv,1.0,210,280,4.656839796306377,2.0008250000000003,1.387794959281769,1.300825,2.002871001582057,1.973825,227.91206144115125
002_210℃_280_1.0mm.csv,1.0,210,280,4.668476719494087,2.00008,1.3926037714415576,1.30008,2.0022784152041964,1.97334,228.4032008177383
003_210℃_280_1.0mm.csv,1.0,210,280,4.67157953340391,2.000135,1.3902132169588286,1.300135,2.000974570197737,1.973205,228.54022978895665
004_210℃_320_1.0mm.csv,1.0,210,320,4.664663915340761,1.99643,1.382782998701689,1.2964300000000002,2.0014299328647245,1.970225,228.25552428250995
005_210℃_320_1.0mm.csv,1.0,210,320,4.675947103818594,1.99241,1.387523056717337,1.29241,2.0029957547228534,1.96597,228.73206608020797
006_210℃_320_1.0mm.csv,1.0,210,320,4.6762748746154985,1.99199,1.3882793668570397,1.2919900000000002,2.000038670906154,1.966085,228.74492959975208
001_230℃_280_1.0mm.csv,1.0,230,280,5.041628615875364,1.99966,1.3975470974495732,1.29966,2.0032128517586045,1.97339,244.79243897093272
002_230℃_280_1.0mm.csv,1.0,230,280,5.054437489972624,1.998385,1.396948642122447,1.298385,2.003977554256509,1.97293,245.37036957808448
003_230℃_280_1.0mm.csv,1.0,230,280,5.058878308747581,1.99772,1.4000091155123615,1.2977200000000002,2.0001996797449846,1.97261,245.56717531340053
004_230℃_320_1.0mm.csv,1.0,230,320,5.053081842376473,1.99081,1.3962634705630916,1.29081,2.0014997230324107,1.96583,245.31002817941555
005_230℃_320_1.0mm.csv,1.0,230,320,5.0641486500656345,1.990205,1.3986081788955975,1.290205,2.0019608513635867,1.96572,245.80675404304964
006_230℃_320_1.0mm.csv,1.0,230,320,5.0642197320753946,1.99402,1.3968222506740051,1.2940200000000002,2.0028901627405253,1.96961,245.81202665772196
001_190℃_003_1.5mm.csv,1.5,190,3,3.097067587310625,12.68758,2.794099568651287,11.98758,2.000107634497537,8.15278,131.46018696614516
002_190℃_003_1.5mm.csv,1.5,190,3,3.121469921996621,12.693460000000002,2.7909590777426643,11.99346,2.0003058615876435,8.10452,134.1709310617469
003_190℃_003_1.5mm.csv,1.5,190,3,3.2412628323255697,12.691860000000002,2.8110024710975967,11.99186,2.0000179265116715,8.10574,143.73799776256533
004_190℃_005_1.5mm.csv,1.5,190,5,3.479234194741862,5.544560000000001,1.3468295508949075,4.84456,2.000186098424479,5.500780000000001,180.41473321901924
005_190℃_005_1.5mm.csv,1.5,190,5,3.486460645980121,5.53242,1.344431514928352,4.832400000000001,2.000176105285832,5.48852,180.7060010729383
006_190℃_005_1.5mm.csv,1.5,190,5,3.4900746935499782,5.55264,1.349449165014673,4.85264,2.000211359549412,5.508500000000001,180.82334751742638
007_190℃_280_1.5mm.csv,1.5,190,280,4.161735254377464,2.01987,1.3582518846543192,1.31987,2.001610834570607,1.98601,207.35068971547588
008_190℃_280_1.5mm.csv,1.5,190,280,4.168423440432393,2.01575,1.3580588287091686,1.3157500000000002,2.001164591296741,1.981735,207.62254284359864
009_190℃_280_1.5mm.csv,1.5,190,280,4.170770644158697,2.016985,1.3618230830297962,1.316985,2.000948968162058,1.981675,207.7086291927058
010_190℃_320_1.5mm.csv,1.5,190,320,4.172827838504694,2.006945,1.3571661197155551,1.306945,2.000613463069225,1.973285,207.80351908988808
011_190℃_320_1.5mm.csv,1.5,190,320,4.176539299714254,2.00523,1.3577229267455102,1.30523,2.001971667296776,1.97303,207.9528943611968
012_190℃_320_1.5mm.csv,1.5,190,320,4.17992742590338,2.00641,1.3583768804472978,1.30641,2.001598739610094,1.973065,208.08895763116635
001_210℃_003_1.5mm.csv,1.5,210,3,3.3014341606100817,8.1393,1.312894834373891,7.4393,2.0001278346358142,8.07496,173.7117098024596
002_210℃_003_1.5mm.csv,1.5,210,3,3.319812873688894,8.08642,1.313130610131524,7.38642,2.000124008575673,8.020420000000001,174.41833690487732
003_210℃_003_1.5mm.csv,1.5,210,3,3.330105646190495,8.094660000000001,1.3147977209413322,7.394660000000001,2.0001275443337594,8.02838,174.80626001332712
004_210℃_005_1.5mm.csv,1.5,210,5,3.926320358547785,5.5032000000000005,1.3144969036254897,4.8032,2.000113699467214,5.4401,198.02986754663067
005_210℃_005_1.5mm.csv,1.5,210,5,3.935312140922656,5.4968200000000005,1.3194619615657426,4.79682,2.000193659148953,5.43306,198.37207380644804
006_210℃_005_1.5mm.csv,1.5,210,5,3.937030388110988,5.49066,1.320424106492759,4.790640000000001,2.000057527886766,5.4271,198.43747481558694
007_210℃_280_1.5mm.csv,1.5,210,280,4.566598466962359,2.01221,1.3386555668829256,1.31221,2.000976319413215,1.98132,224.1510368288569
008_210℃_280_1.5mm.csv,1.5,210,280,4.5732140545517295,2.0097850000000004,1.3407850777154782,1.3097850000000002,2.00248234773846,1.98114,224.4275243435216
009_210℃_280_1.5mm.csv,1.5,210,280,4.574687304299135,2.01018,1.342053312196278,1.31018,2.000275546807114,1.98137,224.4878043269311
010_210℃_320_1.5mm.csv,1.5,210,320,4.574864281807679,2.00268,1.3382908735699297,1.30268,2.002592455120088,1.97315,224.501575811078
011_210℃_320_1.5mm.csv,1.5,210,320,4.581789271161373,2.0026,1.3401124349723237,1.3026000000000002,2.002715272188836,1.97287,224.7919874540592
012_210℃_320_1.5mm.csv,1.5,210,320,4.585560185484665,2.00135,1.3410565885785513,1.30135,2.0028886314805536,1.972665,224.95032079128822
001_230℃_003_1.5mm.csv,1.5,230,3,3.723603307065453,7.98256,1.3959404633219386,7.282540000000001,2.000134165748302,7.886960000000001,189.7536488958787
002_230℃_003_1.5mm.csv,1.5,230,3,3.738385509282234,7.960940000000001,1.3985188804038036,7.260940000000001,2.000049636962584,7.864440000000001,190.32604909137922
003_230℃_003_1.5mm.csv,1.5,230,3,3.742960522950498,7.943840000000001,1.3969791370860871,7.24384,2.0000083280678584,7.847460000000001,190.51218002592282
004_230℃_005_1.5mm.csv,1.5,230,5,4.388141601572128,5.4329,1.3840668353545449,4.732880000000001,2.0000123231799405,5.3314200000000005,216.58532237171556
005_230℃_005_1.5mm.csv,1.5,230,5,4.392126126277608,5.417260000000001,1.3853317810952814,4.7172600000000005,2.0000728038219537,5.31446,216.74830842582634
006_230℃_005_1.5mm.csv,1.5,230,5,4.393429154111668,5.4175,1.3880640803156008,4.7175,2.000112484577229,5.31484,216.79685870549787
007_230℃_280_1.5mm.csv,1.5,230,280,4.990835731100912,2.0080400000000003,1.364173525826266,1.30804,2.0036909407035006,1.98132,242.55363438741267
008_230℃_280_1.5mm.csv,1.5,230,280,4.99691575032108,2.007285,1.3675979936282054,1.307285,2.002376976173841,1.98114,242.8213662829902
009_230℃_280_1.5mm.csv,1.5,230,280,4.998514491385714,2.00687,1.3654433426118655,1.3068700000000002,2.0026109976598274,1.98095,242.89542635044006
010_230℃_320_1.5mm.csv,1.5,230,320,5.000874066241409,1.9982100000000005,1.3662844783881525,1.29821,2.001886549715597,1.97241,242.99999682694863
011_230℃_320_1.5mm.csv,1.5,230,320,5.004842685613868,2.0020200000000004,1.3673625575064676,1.3020200000000002,2.001349451000503,1.976455,243.17635601086602
012_230℃_320_1.5mm.csv,1.5,230,320,5.004117480354202,1.99857,1.3680904714474944,1.29857,2.0013568492407887,1.97277,243.14303054390473
001_190℃_003_2.0mm.csv,2.0,190,3,2.9680487189422045,8.61259,1.390966417377968,7.912590000000001,2.000038793115785,8.507890000000002,160.23055430080126
002_190℃_003_2.0mm.csv,2.0,190,3,2.992528909553547,8.610155,1.384304088857661,7.910155,2.0000023589318348,8.498735,161.24968829417764
003_190℃_003_2.0mm.csv,2.0,190,3,2.9914165983395806,8.600060000000001,1.3924738815082471,7.900060000000001,2.000022602985565,8.482235000000001,161.1410601785709
004_190℃_005_2.0mm.csv,2.0,190,5,3.3615124594582606,5.84421,1.3678220182837204,5.14421,2.000015935920208,5.76079,175.74453432732258
005_190℃_005_2.0mm.csv,2.0,190,5,3.391726213169216,5.843780000000001,1.3677323110563104,5.1437800000000005,2.0000049995956544,5.757300000000001,176.91783554116427
006_190℃_005_2.0mm.csv,2.0,190,5,3.400210325089231,5.835625,1.3689174119219658,5.135625,2.0000334495494925,5.750775000000001,177.24119927333754
007_190℃_280_2.0mm.csv,2.0,190,280,3.9044063479716473,2.023825,1.3573912375231405,1.323825,2.001212054296732,1.988565,197.03158491573174
008_190℃_280_2.0mm.csv,2.0,190,280,3.906392718982118,2.0232,1.3622267925402485,1.3232000000000002,2.0008892522947024,1.988615,197.09539486186907
009_190℃_280_2.0mm.csv,2.0,190,280,3.905925252687253,2.0230900000000003,1.3554892763979454,1.32309,2.0020794919666898,1.98848,197.09777839259777
010_190℃_320_2.0mm.csv,2.0,190,320,3.9168406446354513,2.0125450000000003,1.3587260235578646,1.312545,2.000785461072017,1.97928,197.52127765181575
011_190℃_320_2.0mm.csv,2.0,190,320,3.922541243157149,2.013265,1.3574100949067034,1.313265,2.002131283829018,1.97913,197.75186283591268
012_190℃_320_2.0mm.csv,2.0,190,320,3.92499089275994,2.01371,1.3596304802730048,1.3137100000000002,2.001661463472332,1.97881,197.84245980411578
001_210℃_003_2.0mm.csv,2.0,210,3,3.59287580348143,8.499455000000001,1.4178073148451105,7.799455000000001,2.00001216859447,8.360745000000001,184.5265631318951
002_210℃_003_2.0mm.csv,2.0,210,3,3.4051065161638885,8.451315000000001,1.400667406669172,7.751315000000001,2.000006665461532,8.312570000000001,177.2674752002241
003_210℃_003_2.0mm.csv,2.0,210,3,3.4088585272404552,8.473585,1.4111081631281828,7.773580000000001,2.0000166678683664,8.32699,177.3588160210092
004_210℃_005_2.0mm.csv,2.0,210,5,3.8121836514758423,5.785355000000001,1.389963593099648,5.085355000000001,2.0000219140104205,5.663645000000001,193.27047474063153
005_210℃_005_2.0mm.csv,2.0,210,5,3.8380188079350575,5.79928,1.3869066501920748,5.09928,2.0000189546536142,5.674695000000001,194.3034546089579
006_210℃_005_2.0mm.csv,2.0,210,5,3.8255953018686943,5.789235000000001,1.3904820310037873,5.089235,2.0000103835327443,5.666300000000001,193.79928794221644
007_210℃_280_2.0mm.csv,2.0,210,280,4.338273580211987,2.0155800000000004,1.351861554460761,1.3155800000000002,2.0009678821180987,1.986885,214.58706870336727
008_210℃_280_2.0mm.csv,2.0,210,280,4.342145030815721,2.016905,1.3553445239118795,1.3169000000000002,2.000817678860329,1.98687,214.73963257869315
009_210℃_280_2.0mm.csv,2.0,210,280,4.3474565286731375,2.01492,1.3583215790588552,1.31492,2.002462959606462,1.98691,214.9528399760648
010_210℃_320_2.0mm.csv,2.0,210,320,4.353506793308825,2.004715,1.3550864198858057,1.304715,2.0011773101333583,1.977505,215.20960786035215
011_210℃_320_2.0mm.csv,2.0,210,320,4.356992695638532,2.0063150000000003,1.355937355536993,1.306315,2.0023172632513653,1.97748,215.35199961788265
012_210℃_320_2.0mm.csv,2.0,210,320,4.355523586421517,2.00613,1.353605691690146,1.30613,2.002767566075688,1.977785,215.2960400895634
001_230℃_003_2.0mm.csv,2.0,230,3,3.7999824506835846,8.403590000000001,1.4681245150592392,7.703590000000001,2.0000079012326597,8.200075,192.498605705116
002_230℃_003_2.0mm.csv,2.0,230,3,4.029316081913571,8.360420000000001,1.4848791607635257,7.66042,2.000005763720931,8.14705,201.63535533886426
003_230℃_003_2.0mm.csv,2.0,230,3,3.802993889566807,8.4349,1.4675230627928009,7.7349,2.0000093837667463,8.219505,192.62075818175362
004_230℃_005_2.0mm.csv,2.0,230,5,4.3196956595878255,5.756355,1.431639367264398,5.05635,2.000004295404461,5.571025000000001,213.64490073030203
005_230℃_005_2.0mm.csv,2.0,230,5,4.318883977181967,5.726675,1.4068044621919755,5.026675,2.0000091097485355,5.567620000000001,213.66782365444595
006_230℃_005_2.0mm.csv,2.0,230,5,4.330746110864893,5.7322750000000005,1.43359361623922,5.032275,2.0000109682704768,5.550015,214.09760611566816
007_230℃_280_2.0mm.csv,2.0,230,280,4.773611854079849,2.0103950000000004,1.3371947121676295,1.3103950000000002,2.0012527089086243,1.98707,233.02338040592844
008_230℃_280_2.0mm.csv,2.0,230,280,4.767955700583364,2.0108300000000003,1.3398668239425044,1.3108300000000002,2.000980309636041,1.986335,232.77423562907205
009_230℃_280_2.0mm.csv,2.0,230,280,4.771421116243412,2.01329,1.336969685740517,1.31329,2.002552841809238,1.989935,232.9286303108061
010_230℃_320_2.0mm.csv,2.0,230,320,4.778245763953715,2.0018700000000003,1.3402039279916549,1.30187,2.0020207927878357,1.97751,233.22035947366004
011_230℃_320_2.0mm.csv,2.0,230,320,4.782905926222907,2.0008600000000003,1.3392900288531526,1.30086,2.002111933009712,1.976915,233.42407654115135
012_230℃_320_2.0mm.csv,2.0,230,320,4.784425624944538,2.00063,1.3402742007697963,1.3006300000000002,2.001133881951036,1.977115,233.48875468477166
